timestamp,type,likes,retweets,views,entry_price,pre1h_pct,r1h_pct,r4h_pct,r24h_pct,text
2026-04-29T07:16:43.000Z,other,22,9,2800,0.000026119201915206863,,19.99,45.71,185.28,"it makes sense that as this gains more attention, we're going to need $ for comp"
2026-04-29T07:31:50.000Z,other,0,5,4200,0.000026119201915206863,,19.99,45.71,185.28,"3D character as Claude artifact after hours of fighting with Claude, i finally w"
2026-04-29T07:54:46.000Z,other,0,10,4300,0.000026119201915206863,,19.99,45.71,185.28,"http:// three.ws is now listed on @AnthropicAI 's official MCP Registry – the ca"
2026-04-29T07:58:24.000Z,other,11,2,1300,0.000026119201915206863,,19.99,45.71,185.28,"http:// three.ws listed in @AnthropicAI registry https:// registry.modelcontextp"
2026-04-29T08:30:43.000Z,other,5,1,133,0.00003134151532061078,19.99,272.74,15.54,156.46,"sure!"
2026-04-29T08:33:58.000Z,other,0,21,8100,0.00003134151532061078,19.99,272.74,15.54,156.46,"Your AI has been trapped in a chatbox long enough. Now it gets: • a real 3D body"
2026-04-29T08:53:12.000Z,other,4,0,1600,0.00003134151532061078,19.99,272.74,15.54,156.46,"thank you for the support"
2026-04-29T08:54:46.000Z,other,40,7,3000,0.00003134151532061078,19.99,272.74,15.54,156.46,"http:// three.ws is now listed on @AnthropicAI 's official MCP Registry – the ca"
2026-04-29T09:19:35.000Z,other,41,11,3500,0.00011682241020650303,272.74,-60.57,-67.37,-29.09,"Giving AI Agents a Body, a Wallet, and a Home on-chain published on @CoinMarketC"
2026-04-29T11:16:32.000Z,other,0,14,2200,0.00003805945279400801,-17.38,-4.85,207.83,54.83,"give your agents access to money. spin up solana agents with vanity addresses. p"
2026-04-29T11:59:58.000Z,announcement,0,19,5300,0.00003805945279400801,-17.38,-4.85,207.83,54.83,"http:// three.ws is officially listed on @x402scan and is now live as a paid x40"
2026-04-29T13:11:00.000Z,announcement,0,12,2400,0.000038117072449994986,5.26,79.99,120.01,210.80,"http:// three.ws is live on @npmjs Create your own 3D agent on-chain. Give it ac"
2026-04-29T18:32:47.000Z,retweet,0,8,4100,0.000033315884625533025,-60.27,33.95,124.81,161.75,"your agents deserve to have a voice just recorded the demo below showing how an "
2026-04-29T18:35:19.000Z,announcement,10,3,2500,0.000033315884625533025,-60.27,33.95,124.81,161.75,"probably one of the coolest features i have shipped. give your agent the freedom"
2026-04-29T19:11:53.000Z,other,0,18,6600,0.00004462805522920025,33.95,91.41,39.88,119.09,"we reverse engineered the PumpFun agent payments sdk afaik the only one on Githu"
2026-04-29T19:14:43.000Z,other,6,1,505,0.00004462805522920025,33.95,91.41,39.88,119.09,"reverse-engineered pump-fun/agent-payments-sdk specific commit can be found here"
2026-04-29T19:36:35.000Z,retweet,0,13,6400,0.00004462805522920025,33.95,91.41,39.88,119.09,"we just gave 3D AI agents native http:// pump.fun superpowers swap, create coins"
2026-04-29T19:40:31.000Z,other,10,2,1700,0.00004462805522920025,33.95,91.41,39.88,119.09,"we took the official pump-fun-skills repo and completed it it had the SKILL.md d"
2026-04-29T19:42:31.000Z,other,8,2,895,0.00004462805522920025,33.95,91.41,39.88,119.09,"then we reverse-engineered the full pump-fun agent-payments-sdk reconstructed th"
2026-04-29T19:46:18.000Z,other,4,3,747,0.00004462805522920025,33.95,91.41,39.88,119.09,"the avatar also subscribes to on-chain events via websocket payment received → c"
2026-04-29T19:48:36.000Z,other,4,2,534,0.00004462805522920025,33.95,91.41,39.88,119.09,"then we reverse-engineered the full pump-fun agent-payments-sdk reconstructed th"
2026-04-29T19:48:45.000Z,other,4,1,447,0.00004462805522920025,33.95,91.41,39.88,119.09,"the avatar also subscribes to on-chain events via websocket payment received → c"
2026-04-29T19:51:20.000Z,announcement,0,11,2600,0.00004462805522920025,33.95,91.41,39.88,119.09,"an AI agent that: • lives in 3D • can launch its own tokens • charges for its ow"
2026-04-29T19:52:09.000Z,other,8,0,97,0.00004462805522920025,33.95,91.41,39.88,119.09,"and it can join X spaces and shill itself"
2026-04-29T19:58:58.000Z,reply,7,0,68,0.00004462805522920025,33.95,91.41,39.88,119.09,"@himgajria , Look at this Tech, dev is shipping non stop, and it’s pretty insane"
2026-04-29T21:42:43.000Z,other,2,1,102,0.00006536455419666322,-23.48,14.58,-20.71,58.37,"cool idea. i have already built the open world, multiplayer too, the biggest cha"
2026-04-29T22:43:57.000Z,other,1,0,35,0.00007489708763888614,14.58,-16.65,-43.53,20.97,"awesome thanks back to building then"
2026-04-30T02:59:14.000Z,announcement,0,10,13000,0.00004229645171512439,-18.39,-5.38,20.49,154.28,"Never miss a @pumpfun runner again http:// three.ws/pumpfun now announces → Live"
2026-04-30T07:22:09.000Z,other,14,0,381,0.00007451312287167957,46.21,7.87,-20.92,74.60,"3D onchain agents with wallets and skills which allow them to transact, trade, a"
2026-04-30T08:06:00.000Z,announcement,0,15,6300,0.0000803791048554444,7.87,3.06,6.12,50.99,"Just shipped Solana wallet integration for 3D agents. Give your agents access to"
2026-04-30T08:08:37.000Z,retweet,0,13,2400,0.0000803791048554444,7.87,3.06,6.12,50.99,"Solana wallet integration for autonomous 3D agents now live on @trythreews Your "
2026-04-30T08:20:51.000Z,other,0,7,2000,0.0000803791048554444,7.87,3.06,6.12,50.99,"meeting with Google Cloud team for Google Cloud for Web3 Startups partnership mo"
2026-04-30T09:00:00.000Z,other,4,0,159,0.0000828370306227495,3.06,-21.32,43.01,47.15,"Frank, have you created your own 3D AI character using @trythreews yet? You alre"
2026-04-30T09:08:42.000Z,other,0,0,150,0.0000828370306227495,3.06,-21.32,43.01,47.15,""
2026-04-30T09:43:10.000Z,engagement,4,0,135,0.0000828370306227495,3.06,-21.32,43.01,47.15,"gm"
2026-04-30T10:55:03.000Z,announcement,3,1,125,0.00006517952968386256,-21.32,-9.59,118.37,85.61,"I saw that you're following @nichxbt you probably know he is a based dev, check "
2026-04-30T22:21:45.000Z,other,0,0,63,0.00009060000378221805,-12.48,54.85,18.71,9.29,"working on it now!"
2026-04-30T22:37:06.000Z,engagement,1,0,40,0.00009060000378221805,-12.48,54.85,18.71,9.29,"time to cook lfg"
2026-04-30T22:51:29.000Z,other,1,0,17,0.00009060000378221805,-12.48,54.85,18.71,9.29,"SO SICK!!!!!"
2026-04-30T22:53:27.000Z,other,1,0,87,0.00009060000378221805,-12.48,54.85,18.71,9.29,":D yessss!!! @trythreews"
2026-04-30T23:41:33.000Z,reply,0,0,9200,0.0001402982868884034,54.85,0.60,-7.10,-40.30,"@GoogleCloud x http:// three.ws We are excited to announce we are joining forces"
2026-05-01T00:19:28.000Z,announcement,8,0,108,0.0001411465730241307,0.60,-7.93,-15.43,-33.37,"thank you!! we need X mods to clean up those links people keep spamming. will be"
2026-05-01T00:22:51.000Z,other,2,0,81,0.0001411465730241307,0.60,-7.93,-15.43,-33.37,"bc in the crypto world, even just talking about price or $ amount makes people f"
2026-05-01T00:57:22.000Z,other,104,13,10000,0.0001411465730241307,0.60,-7.93,-15.43,-33.37,"http:// three.ws is listed on @AnthropicAI 's official MCP Registry – the canoni"
2026-05-01T00:59:06.000Z,announcement,7,3,1300,0.0001411465730241307,0.60,-7.93,-15.43,-33.37,"Remote MCP URL https:// three.ws/api/mcp @AnthropicAI Registry Listing https:// "
2026-05-01T01:18:48.000Z,other,0,8,1900,0.0001299562471942473,-7.93,-17.24,2.75,-31.93,". @trythreews Officially Listed on Anthropic MCP Registry, Bringing On-Chain 3D "
2026-05-01T03:06:41.000Z,announcement,0,10,3100,0.0001303435542373957,21.19,-8.43,-0.19,-23.36,"Never miss a @pumpfun runner again http:// three.ws/pumpfun announces → Live gra"
2026-05-01T09:32:05.000Z,other,4,0,200,0.000121898280631397,0.44,-0.75,16.56,-14.94,"just wait until the full vision is alive. 100% going viral. just wait"
2026-05-01T09:52:55.000Z,other,0,0,32,0.000121898280631397,0.44,-0.75,16.56,-14.94,"yes"
2026-05-01T09:53:05.000Z,other,1,0,63,0.000121898280631397,0.44,-0.75,16.56,-14.94,""
2026-05-01T10:45:04.000Z,other,0,0,81,0.00012098273304693906,-0.75,1.75,53.85,-22.70,"true? @grok"
2026-05-01T10:45:09.000Z,other,0,0,69,0.00012098273304693906,-0.75,1.75,53.85,-22.70,"i think so yes"
2026-05-01T14:30:16.000Z,announcement,94,13,3800,0.0001861374208879074,31.01,-5.50,-40.08,-39.18,"The http:// three.ws Podcast is now live on @Spotify Not a fan of extremely long"
2026-05-01T14:32:39.000Z,other,10,3,854,0.0001861374208879074,31.01,-5.50,-40.08,-39.18,"Beyond Chatbots: Why Your AI Agent Needs a 3D Body and a Blockchain Passport On-"
2026-05-01T14:34:55.000Z,other,7,0,130,0.0001861374208879074,31.01,-5.50,-40.08,-39.18,"an easy and educational listen"
2026-05-01T14:51:46.000Z,other,0,42,58000,0.0001861374208879074,31.01,-5.50,-40.08,-39.18,"http:// three.ws is live Create 3D AI agent avatars on-chain. They can talk, rem"
2026-05-01T14:56:07.000Z,other,8,0,378,0.0001861374208879074,31.01,-5.50,-40.08,-39.18,""
2026-05-01T15:01:34.000Z,other,17,6,1200,0.00017589384947738196,-5.50,-11.32,-49.73,-45.42,"http:// three.ws is live Create 3D AI agent avatars on-chain. They can talk, rem"
2026-05-01T17:00:58.000Z,other,1,0,43,0.0001411979175315231,-9.48,-21.01,-38.84,-30.24,"hey"
2026-05-01T21:22:51.000Z,other,1,0,101,0.00008636101778349872,-3.59,14.66,2.42,-7.24,"Whitley Ave"
2026-05-01T21:35:10.000Z,other,0,0,37,0.00008636101778349872,-3.59,14.66,2.42,-7.24,""
2026-05-01T21:37:13.000Z,other,0,0,60,0.00008636101778349872,-3.59,14.66,2.42,-7.24,"yes!"
2026-05-01T21:38:11.000Z,other,1,0,78,0.00008636101778349872,-3.59,14.66,2.42,-7.24,"imma need to check their repo..."
2026-05-02T05:39:49.000Z,other,1,0,52,0.00010631490836928864,6.27,2.16,-2.47,-33.27,"i will"
2026-05-02T07:34:58.000Z,other,0,0,6,0.00009931877689860362,-8.55,20.85,-6.72,-28.79,""
2026-05-02T14:37:56.000Z,other,0,0,41000,0.0001132157376455343,18.43,-15.21,-22.61,-39.57,"http:// three.ws & @alibaba_cloud Partner to Give 3D AI Agents On-Chain Wallets "
2026-05-02T14:42:59.000Z,other,0,10,12000,0.0001132157376455343,18.43,-15.21,-22.61,-39.57,"http:// three.ws on Alibaba Cloud Marketplace https:// marketplace.alibabacloud."
2026-05-02T14:46:17.000Z,other,2,0,27,0.0001132157376455343,18.43,-15.21,-22.61,-39.57,"Co-marketing blog post should arrive soon! http:// three.ws on Alibaba Cloud Mar"
2026-05-02T14:51:25.000Z,other,0,0,1,0.0001132157376455343,18.43,-15.21,-22.61,-39.57,"im reposting because i forgot to add the @trythreews x account lol 1 sec"
2026-05-02T17:24:40.000Z,announcement,0,16,2100,0.00009849622952049056,15.47,-11.04,-18.67,-36.40,"Proud to announce $three is officially listed on @CoinGecko Huge thank you to th"
2026-05-02T20:54:42.000Z,retweet,0,14,2800,0.00007764410146879787,-6.50,3.17,-2.57,-20.22,"there's just something so strange about seeing AI agent's thoughts, live, in rea"
2026-05-02T21:04:51.000Z,retweet,0,9,1800,0.00008010732187304551,3.17,-3.81,16.93,-22.79,"just shipped http:// three.ws chat built from the ground up @trythreews display "
2026-05-03T02:06:11.000Z,other,0,0,268,0.00008085408823125952,-13.68,-4.71,-13.82,-14.86,"thank you very much, it actually means a lotwe are working really hard to build "
2026-05-03T04:50:30.000Z,retweet,0,19,6500,0.00006372810853146812,-17.28,11.32,9.55,9.88,"Most \"AI chats\" are text boxs wrapped around a model. Ours isn't. It's a live su"
2026-05-03T10:33:00.000Z,retweet,44,22,6100,0.0000862395571722168,14.11,-8.25,-20.67,49.03,"3D onchain agents selector for custom avatars live in chat pick your agent. ever"
2026-05-03T19:26:34.000Z,announcement,0,9,1900,0.0000629343967290896,10.45,-1.58,6.46,50.32,"GM everyone! Test out the new features and let me know what you guys think! Cont"
2026-05-03T23:52:47.000Z,reply,2,0,108,0.0000669992896310263,6.35,-2.50,4.21,38.23,"@toly"
2026-05-04T02:28:56.000Z,retweet,0,21,5200,0.00006883621070408174,5.46,1.42,58.32,40.92,"Deploy 3D Agent Avatars on Solana ◎ http:// three.ws Every @solana_ai agent dese"
2026-05-04T04:58:05.000Z,announcement,5,0,243,0.0000700226857457349,0.29,8.19,55.55,47.23,"woah new pfp i didnt recognize u. lookin good!"
2026-05-04T05:52:13.000Z,other,0,22,4800,0.0000757540847802862,8.19,43.86,48.62,17.25,""
2026-05-04T05:58:26.000Z,other,0,5,511,0.0000757540847802862,8.19,43.86,48.62,17.25,"Three separate industries 3D graphics, AI platforms,and blockchain, independentl"
2026-05-04T09:26:12.000Z,other,13,0,484,0.00011258279541751961,3.37,14.16,14.97,-16.50,"some people have no shame. so much good can come from crypto, we need to rid the"
2026-05-04T11:22:13.000Z,retweet,0,148,47000,0.00013544742157594136,5.39,-7.69,-30.95,-14.22,"We have entered the arena! http:// three.ws has been listed as an official proje"
2026-05-04T13:29:00.000Z,other,2,0,80,0.0001294387447302382,3.53,-12.30,-30.56,-17.75,"it would be more but my Claude credits ran out and i've been paying $20 here $20"
2026-05-04T13:40:28.000Z,other,0,0,34,0.0001294387447302382,3.53,-12.30,-30.56,-17.75,"i am quite fortunate to be able to ship in long sprints being this is my full-ti"
2026-05-05T01:15:11.000Z,reply,19,4,1300,0.00008582499465389446,-7.94,13.03,3.49,84.48,"@threejs"
2026-05-05T10:55:15.000Z,other,69,30,15000,0.00010865892763735564,15.58,6.93,-12.85,88.72,"We're thrilled to share that $THREE price is now officially listed on @Coinbase "
2026-05-05T10:59:36.000Z,other,23,8,2600,0.00010865892763735564,15.58,6.93,-12.85,88.72,"How to buy $THREE on @Coinbase https:// coinbase.com/how-to-buy/thr eews-solana-"
2026-05-05T11:06:59.000Z,other,25,6,2100,0.00011618752995381678,6.93,-2.95,-11.16,66.62,"http:// three.ws http:// github.com/nirholas/three .ws … $THREE CA FeMbDoX7R1Psc"
2026-05-05T15:43:25.000Z,announcement,54,17,4000,0.00010321988679913791,9.00,-2.19,66.37,30.30,"$three is @JupiterExchange verified Thank you Jupiter Exchange for verifying us "
2026-05-05T15:44:26.000Z,other,21,8,1100,0.00010321988679913791,9.00,-2.19,66.37,30.30,"http:// three.ws on @JupiterExchange https:// verified.jup.ag/dashboard/FeMb DoX"
2026-05-05T15:49:40.000Z,other,50,16,5200,0.00010321988679913791,9.00,-2.19,66.37,30.30,"Extremely grateful for Coinbase sharing our project and allowing more than 100 m"
2026-05-05T20:34:06.000Z,announcement,52,13,2800,0.00016836309517443624,-1.96,-6.49,-6.88,-33.04,"Hello hello! We've gained a lot of new friends and i love to see it! Great to se"
2026-05-05T20:53:57.000Z,other,0,0,0,0.00016836309517443624,-1.96,-6.49,-6.88,-33.04,"adding it to the X community, all support is welcomed and we didn't want anybody"
2026-05-06T23:23:30.000Z,other,48,29,5900,0.00015416156513412823,39.41,-15.24,-18.66,-44.29,"http:// three.ws is now an official Business Partner of @IBM This partnership br"
2026-05-06T23:28:43.000Z,other,19,7,981,0.00015416156513412823,39.41,-15.24,-18.66,-44.29,"Hype to see an actual embed of http:// three.ws 3D onchain AI Avatar on IBM in o"
2026-05-07T00:09:20.000Z,other,8,4,1800,0.00013067340157179276,-15.24,-3.78,4.50,-33.86,"gmgm i purchased .sol and i would like to set it to redirect to http:// three.ws"
2026-05-07T00:11:43.000Z,other,10,0,198,0.00013067340157179276,-15.24,-3.78,4.50,-33.86,""
2026-05-07T00:18:45.000Z,other,44,16,3800,0.00013067340157179276,-15.24,-3.78,4.50,-33.86,"As part of our mission to give every agent a true onchain identity, we chose @SN"
2026-05-07T00:27:33.000Z,other,5,0,124,0.00013067340157179276,-15.24,-3.78,4.50,-33.86,"thank you @BlueOceanShark for the smooth transaction!"
2026-05-07T00:42:12.000Z,other,4,0,113,0.00013067340157179276,-15.24,-3.78,4.50,-33.86,"for the girliepops"
2026-05-07T00:50:26.000Z,reply,5,0,286,0.00013067340157179276,-15.24,-3.78,4.50,-33.86,"@aixbt_agent why are onchain identities important for AI agents?"
2026-05-07T01:20:45.000Z,other,1,1,700,0.00012573463411065682,-3.78,7.59,20.44,-30.97,"and i am assuming emojis are fine too? they work?"
2026-05-07T03:34:12.000Z,other,3,0,132,0.00012539995230753442,-7.30,8.90,8.08,-17.44,"i believe the issue is because i was trying to use .sol and emoji domains aren't"
2026-05-07T03:34:25.000Z,other,3,0,68,0.00012539995230753442,-7.30,8.90,8.08,-17.44,"thank you guys so much for the help!"
2026-05-07T06:28:11.000Z,other,1,0,35,0.00013311152639059872,-12.10,1.82,4.20,93.10,"awesome i can't wait to see it and let me know how i can make it easier for you "
2026-05-07T08:31:31.000Z,other,7,0,264,0.0001441096200199356,6.33,-1.54,-6.00,35.82,""
2026-05-07T14:57:37.000Z,announcement,49,18,6700,0.0001461859260270212,7.64,-11.31,-19.48,22.84,"http:// three.ws is now contributing to the World Wide Web Consortium 3D AI agen"
2026-05-07T14:58:01.000Z,other,37,15,3400,0.0001461859260270212,7.64,-11.31,-19.48,22.84,"The next web has agents in it. They need identity, embodiment, and a way to tran"
2026-05-07T15:59:43.000Z,announcement,30,14,2900,0.00012964547972729056,-11.31,-6.70,-13.84,39.48,"The http:// three.ws Podcast is now live on @amazonmusic Long reads not your thi"
2026-05-07T16:01:12.000Z,other,9,4,902,0.00012095566565324976,-6.70,5.17,-13.30,13.83,"Inside The 3D Agent Web on Amazon Music by http:// three.ws https:// music.amazo"
2026-05-07T16:32:51.000Z,other,24,8,2200,0.00012095566565324976,-6.70,5.17,-13.30,13.83,"http:// three.ws http:// github.com/nirholas/three .ws … $THREE CA FeMbDoX7R1Psc"
2026-05-07T16:39:29.000Z,other,4,0,186,0.00012095566565324976,-6.70,5.17,-13.30,13.83,"how serious?"
2026-05-08T04:15:25.000Z,other,0,3,2300,0.0002673572032680961,158.25,3.14,-26.79,-23.98,"Never forget the ones that support you at all stages of growth. The entire commu"
2026-05-08T09:42:50.000Z,announcement,0,0,7200,0.00020144324346423436,2.92,10.59,-13.57,27.65,"On-chain AI agents don't just think. They own, earn, and exist. Build your on-ch"
2026-05-08T12:16:25.000Z,announcement,13,0,427,0.0002065103949765211,9.68,-15.69,-33.33,87.34,"On-chain AI agents don't just think. They own, earn, and exist. Build your on-ch"
2026-05-08T16:40:27.000Z,retweet,54,21,5700,0.00013768904019165234,-23.86,11.11,139.74,166.97,"http:// three.ws is heating up since our MCP Server went live and displayed in @"
2026-05-08T18:20:46.000Z,other,5,0,138,0.00023563633203525265,54.02,3.36,0.77,24.01,"you are so inspiring. great video, great story!! more of these pls"
2026-05-08T19:43:52.000Z,other,8,0,492,0.00024354446268489585,3.36,35.54,-2.97,11.90,"awesome!! i am about to try validating @trythreews on agentic market thanks for "
2026-05-09T08:12:19.000Z,other,101,35,12000,0.00021021932497772918,3.99,22.32,84.04,45.06,"Agent Builder Live ++ Improved Studio Design ++ LLM Chat Upgrade Agents are now "
2026-05-09T08:13:21.000Z,announcement,26,4,861,0.00021021932497772918,3.99,22.32,84.04,45.06,"It's going to be a really exciting weekend and exciting coming week. Every day w"
2026-05-09T09:19:44.000Z,announcement,22,5,1500,0.0002571453204961029,22.32,75.76,46.21,12.36,"1. To access the new chat feature make sure you are logged in and set one of you"
2026-05-09T09:25:39.000Z,other,6,0,313,0.0002571453204961029,22.32,75.76,46.21,12.36,"not to be mistaken with https:// three.ws/chat either"
2026-05-09T21:23:29.000Z,other,29,5,1700,0.00031695415735146117,-0.47,12.69,13.97,7.99,"there is no better place to find PMF than pump dot fun"
2026-05-09T22:06:44.000Z,other,2,0,35,0.00035718387881721004,12.69,-9.34,-2.91,3.13,"wrong answers only"
2026-05-09T22:06:50.000Z,other,1,0,87,0.00035718387881721004,12.69,-9.34,-2.91,3.13,"dms"
2026-05-09T22:10:09.000Z,other,2,0,50,0.00035718387881721004,12.69,-9.34,-2.91,3.13,"btw let me know what i can do to help you with your project !! i want all my fri"
2026-05-09T22:10:36.000Z,other,2,0,156,0.00035718387881721004,12.69,-9.34,-2.91,3.13,"it's not even coded !! it's obvious !! (alon pls interact )"
2026-05-09T22:11:27.000Z,other,1,0,52,0.00035718387881721004,12.69,-9.34,-2.91,3.13,"find God"
2026-05-09T22:12:26.000Z,other,5,4,208,0.00035718387881721004,12.69,-9.34,-2.91,3.13,"i will do anything needed to assure the success of http:// three.ws. anything."
2026-05-09T22:13:25.000Z,other,1,0,76,0.00035718387881721004,12.69,-9.34,-2.91,3.13,"hml"
2026-05-09T23:28:34.000Z,announcement,3,1,37,0.00032382658241403246,-9.34,4.22,-0.20,17.59,"if you think this insane just wait until you see the next couple of feature upda"
2026-05-10T00:22:57.000Z,reply,0,0,50,0.00033747750166721247,4.22,7.04,-4.96,6.15,"@a1lon9 its true"
2026-05-10T00:46:36.000Z,other,2,0,55,0.00033747750166721247,4.22,7.04,-4.96,6.15,"i was lucky enough to speak with smol intern and they are very tapped into the m"
2026-05-10T04:20:33.000Z,announcement,72,22,11000,0.0003207360639660142,-0.76,-6.58,-4.92,6.71,"One week live @trythreews 3,675 followers. 9.4% engagement rate. 1,010 builders "
2026-05-10T04:20:36.000Z,other,15,2,616,0.0003207360639660142,-0.76,-6.58,-4.92,6.71,"What I learned Ship daily. Reach out to that company. Ask for partnerships. Spre"
2026-05-10T04:22:44.000Z,announcement,13,2,595,0.0003207360639660142,-0.76,-6.58,-4.92,6.71,"Week one was the warmup. View the full breakdown of our entire week http:// thre"
2026-05-10T04:30:41.000Z,announcement,1,0,47,0.0003207360639660142,-0.76,-6.58,-4.92,6.71,"Yes they are very useful! What do you mean by updated though? Every day i am imp"
2026-05-10T08:01:28.000Z,other,24,5,889,0.000304951059933773,-8.85,-5.26,-4.36,7.30,"Submitted http:// three.ws to @DappRadar"
2026-05-10T08:01:52.000Z,other,13,3,898,0.000304951059933773,-8.85,-5.26,-4.36,7.30,"http:// three.ws is heating up since our MCP Server went live and displayed in @"
2026-05-10T08:02:08.000Z,other,7,1,774,0.000304951059933773,-8.85,-5.26,-4.36,7.30,"Agent Builder Live ++ Improved Studio Design ++ LLM Chat Upgrade Agents are now "
2026-05-10T08:02:23.000Z,announcement,13,6,3300,0.000304951059933773,-8.85,-5.26,-4.36,7.30,"On-chain AI agents don't just think. They own, earn, and exist. Build your on-ch"
2026-05-10T08:02:52.000Z,announcement,11,2,1000,0.000304951059933773,-8.85,-5.26,-4.36,7.30,"The http:// three.ws Podcast is now live on @amazonmusic Long reads not your thi"
2026-05-10T08:03:55.000Z,announcement,44,11,2700,0.000304951059933773,-8.85,-5.26,-4.36,7.30,"Week 1 was the warm up. It's going to be an exciting week! Be sure to follow the"
2026-05-10T16:38:29.000Z,other,0,0,8,0.00028727242545273384,3.12,-11.68,23.48,60.28,"Thanks for the support!"
2026-05-10T16:39:37.000Z,other,9,4,165,0.00028727242545273384,3.12,-11.68,23.48,60.28,"Just a warm up."
2026-05-10T18:47:59.000Z,other,7,1,97,0.00034782736466076826,37.09,0.89,5.91,27.37,"ship hard and fast. users first + ux + security is top priority. thanks for the "
2026-05-10T22:10:03.000Z,announcement,93,34,15000,0.0003683671721481229,7.62,3.37,-12.68,-14.27,"official Claude marketplace submission last week, we announced http:// three.ws "
2026-05-11T04:46:01.000Z,announcement,86,35,26000,0.0003422633997550517,5.76,4.79,-4.40,-6.29,"DeFi agents have been invisible for too long. http:// three.ws now ships inside "
2026-05-11T04:57:03.000Z,other,13,0,341,0.0003422633997550517,5.76,4.79,-4.40,-6.29,""
2026-05-11T06:56:07.000Z,other,73,29,10000,0.0003748170303725744,4.51,-10.52,-11.17,-10.62,"3D on-chain AI agents."
2026-05-11T11:49:33.000Z,other,19,2,1000,0.0003101501791589,-6.84,44.21,71.96,-12.81,"Agents now have form, executing on-chain, reacting in real time. 100+ DeFi tools"
2026-05-11T12:00:29.000Z,other,1,0,64,0.00044725287626266267,44.21,-6.23,2.95,-32.76,""
2026-05-11T13:38:49.000Z,retweet,69,25,5500,0.0004193905320822253,-6.23,25.03,-1.49,-42.41,"Previewing the Solana Seeker in 3D on http:// three.ws We’re using this as the f"
2026-05-11T16:48:57.000Z,other,5,2,547,0.0004604299561213007,-13.67,-10.27,-4.73,-52.50,"that one is awesome hahahah. and yeah the AR, if you've went through the code or"
2026-05-12T05:04:31.000Z,retweet,78,32,8600,0.0003469263817108808,8.16,-3.43,-19.02,-24.88,"AI agents are stuck as text in a box. No body, no wallet, no way to earn. http:/"
2026-05-12T06:54:41.000Z,other,1,0,175,0.00033501737759568265,-3.43,-10.12,-11.41,-11.87,"will check it out! thanks"
2026-05-13T03:33:35.000Z,other,0,0,12000,0.000273416144618311,8.39,-15.51,8.64,-9.53,"No Humans In This Space Today the agents are running free. Conversing, conflicti"
2026-05-13T03:35:42.000Z,other,20,5,864,0.000273416144618311,8.39,-15.51,8.64,-9.53,"it's time to let the bots run free. http:// three.ws will be everywhere whether "
2026-05-13T09:33:55.000Z,announcement,24,8,2000,0.0002653970669334988,-1.09,-1.08,-17.91,-2.56,"AI agents are stuck as text in a box. No body, no wallet, no way to earn. http:/"
2026-05-13T10:50:44.000Z,other,2,0,73,0.00026252895086229823,-1.08,-3.68,-14.61,5.71,"thanks for sharing i just noticed i got a bunch of stars and was wondering why h"
2026-05-13T12:44:11.000Z,announcement,0,0,28,0.00023285974188540175,-7.91,-6.44,-3.15,5.82,"yup and if you are following the Github you will notice some really exciting age"
2026-05-13T21:30:35.000Z,retweet,0,0,168000,0.00024157190101391923,18.22,27.92,21.24,38.31,"We just reverse engineered the @pumpfun agent payments SDK Your AI doesn't just "
2026-05-14T12:08:25.000Z,other,11,0,237,0.0002464210505939425,0.52,-1.28,5.68,44.07,""
2026-05-15T04:15:48.000Z,other,14,6,1200,0.0003302859835359116,-5.59,5.80,12.22,-11.27,"Great turn out. Thanks to all that joined and witnessed only what can be conside"
2026-05-15T15:20:54.000Z,other,0,0,5700,0.00031058720267457756,8.37,-15.24,17.79,39.10,"3D AI Agent on any website. 30 seconds. One line of HTML. The embed editor is li"
2026-05-15T15:30:27.000Z,other,13,7,1700,0.00031058720267457756,8.37,-15.24,17.79,39.10,"→ Live preview against your real site URL → Desktop / tablet / mobile frames → A"
2026-05-15T15:32:31.000Z,other,23,13,2400,0.00031058720267457756,8.37,-15.24,17.79,39.10,"Add the domain you're embedding on to the widget's allowed origins list. Otherwi"
2026-05-16T05:14:37.000Z,other,0,0,35000,0.00030591773123492125,4.38,25.20,38.12,29.70,"http:// three.ws is now officially live on the Alibaba Cloud International Marke"
2026-05-16T05:20:07.000Z,other,0,0,3200,0.00030591773123492125,4.38,25.20,38.12,29.70,"The next interface layer for the open web is live. Alibaba Cloud Marketplace htt"
2026-05-16T05:44:44.000Z,other,19,1,1100,0.00030591773123492125,4.38,25.20,38.12,29.70,"Thank you @alibaba_cloud It almost doesn’t feel real to be officially partnered "
2026-05-16T05:46:35.000Z,other,0,0,2300,0.00030591773123492125,4.38,25.20,38.12,29.70,"Initial product went live today. Stay tuned for never seen before product to go "
2026-05-16T23:28:33.000Z,other,49,7,2200,0.0004480610444813641,1.94,0.51,-6.93,-35.17,"I think we are at the point where it's time to hire some moderators to keep this"
2026-05-17T11:04:39.000Z,other,0,0,5100,0.0003830128248691869,-0.57,1.40,-7.27,-15.73,"We are excited to join the @CoinMarketCap community. This is a verification post"
2026-05-17T11:16:50.000Z,other,7,0,204,0.0003830128248691869,-0.57,1.40,-7.27,-15.73,"Verification post pre-listing btw. They need to verify the owner of the account "
2026-05-17T11:17:35.000Z,other,2,0,49,0.0003830128248691869,-0.57,1.40,-7.27,-15.73,"thank you for supporting. it means a lot to me"
2026-05-17T12:15:14.000Z,announcement,0,0,7200,0.00038836841258218705,1.40,-4.94,-12.74,-17.97,"http:// three.ws is teaming up with @hackernoon We’re launching a new builder-fo"
2026-05-17T12:31:34.000Z,other,14,3,991,0.00038836841258218705,1.40,-4.94,-12.74,-17.97,"I have been a huge fan of HackerNoon for almost 10 years now so really excited f"
2026-05-18T23:37:33.000Z,other,0,9,5500,0.00024012273914570265,5.92,-0.97,-10.32,14.60,"it's time to initiate the raids. we need to start making 3D avatars for influenc"
2026-05-18T23:40:08.000Z,other,5,0,152,0.00024012273914570265,5.92,-0.97,-10.32,14.60,"let's cook"
2026-05-19T01:19:31.000Z,other,3,0,114,0.00024400213520557024,2.61,-4.38,-16.96,8.18,"No. And I am tired of the blackmail. We are staying on Solana."
2026-05-19T01:20:46.000Z,other,0,0,97,0.00024400213520557024,2.61,-4.38,-16.96,8.18,""
2026-05-19T01:21:23.000Z,other,1,0,108,0.00024400213520557024,2.61,-4.38,-16.96,8.18,"LFGGG"
2026-05-19T01:22:07.000Z,other,1,0,82,0.00024400213520557024,2.61,-4.38,-16.96,8.18,"Lock it in Karim"
2026-05-19T01:22:32.000Z,other,3,0,100,0.00024400213520557024,2.61,-4.38,-16.96,8.18,"it's time."
2026-05-19T01:22:34.000Z,other,0,0,82,0.00024400213520557024,2.61,-4.38,-16.96,8.18,"it's time."
2026-05-19T01:22:37.000Z,other,2,0,112,0.00024400213520557024,2.61,-4.38,-16.96,8.18,"it's time."
2026-05-19T01:22:57.000Z,other,1,0,72,0.00024400213520557024,2.61,-4.38,-16.96,8.18,"it's time."
2026-05-19T01:23:01.000Z,other,0,0,74,0.00024400213520557024,2.61,-4.38,-16.96,8.18,"it's time."
2026-05-19T01:52:44.000Z,other,7,0,148,0.00024400213520557024,2.61,-4.38,-16.96,8.18,"It's coming and best believe the believers will be rewarded. Just like every pro"
2026-05-19T02:05:48.000Z,other,0,0,8600,0.0002333228942249928,-4.38,-7.70,-4.47,10.86,"We are excited to share an early preview of real-time voice interaction with 3D "
2026-05-19T02:09:23.000Z,other,7,0,350,0.0002333228942249928,-4.38,-7.70,-4.47,10.86,""
2026-05-19T02:28:22.000Z,other,2,0,42,0.0002333228942249928,-4.38,-7.70,-4.47,10.86,"the crazy thing is that it was made from only 3 images. left side, front, and ri"
2026-05-19T05:55:32.000Z,announcement,0,0,2200,0.00020261760226350094,-7.36,10.01,5.34,22.13,"AYE SAY GANG We are happy to introduce Ansem to http:// three.ws. This 3D AI Age"
2026-05-19T05:59:03.000Z,other,0,0,183,0.00020261760226350094,-7.36,10.01,5.34,22.13,""
2026-05-19T09:11:02.000Z,other,0,5,1000,0.0002134288545482509,-0.84,11.89,21.65,42.39,"hey want to ship 3D AI Agents with AgenC ?"
2026-05-19T09:11:21.000Z,other,0,1,161,0.0002134288545482509,-0.84,11.89,21.65,42.39,"yes"
2026-05-19T13:27:20.000Z,reply,5,0,62,0.00025963749352705067,3.40,8.22,-0.15,2.55,"@blknoiz06"
2026-05-19T14:28:14.000Z,other,12,0,1900,0.00028096818237083673,8.22,0.21,-5.97,-12.27,"if you really want to shake things up it's actually $three on Solana imagine if "
2026-05-19T14:29:25.000Z,other,4,0,139,0.00028096818237083673,8.22,0.21,-5.97,-12.27,"but actually i am building multichain bc i appreciate all chains yes x402 on Bas"
2026-05-19T14:31:52.000Z,other,7,0,140,0.00028096818237083673,8.22,0.21,-5.97,-12.27,"yes"
2026-05-19T14:32:48.000Z,other,1,0,68,0.00028096818237083673,8.22,0.21,-5.97,-12.27,"yes only solana coin"
2026-05-19T15:02:41.000Z,other,0,1,892,0.0002815610919407209,0.21,-7.34,-4.87,-10.67,"cool @trythreews deploys 3D AI Agents on-chain using MetaPlex powered by $three"
2026-05-19T15:02:47.000Z,other,7,0,252,0.0002815610919407209,0.21,-7.34,-4.87,-10.67,"let's hop on a chat about bringing more users into the Arena, will shoot you a d"
2026-05-19T15:07:24.000Z,other,12,2,372,0.0002815610919407209,0.21,-7.34,-4.87,-10.67,"Deploy 3D AI Agents on-chain using MetaPlex + Solana By default they come with L"
2026-05-19T15:07:32.000Z,other,2,0,99,0.0002815610919407209,0.21,-7.34,-4.87,-10.67,""
2026-05-19T19:36:54.000Z,other,15,1,159,0.00026783735814089676,1.38,-3.17,2.75,-10.82,"atomic swaps for 3D AI Agents"
2026-05-20T06:49:39.000Z,other,0,0,15000,0.00024098652270138573,-2.62,16.18,17.28,-17.30,"Multichain agent deployment has been core to our project since day one. Today we"
2026-05-20T06:49:40.000Z,other,0,0,7500,0.00024098652270138573,-2.62,16.18,17.28,-17.30,"On the technical side, we already have live mainnet contracts on BSC. • ThreeWSF"
2026-05-20T06:49:40.000Z,other,0,0,6100,0.00024098652270138573,-2.62,16.18,17.28,-17.30,"What this unlocks You can now spin up a 3D AI agent, give it an on-chain identit"
2026-05-20T06:55:46.000Z,other,0,3,2500,0.00024098652270138573,-2.62,16.18,17.28,-17.30,"To be clear: the $three token remains Solana-only. No bridged versions, no BNB-c"
2026-05-20T06:56:35.000Z,other,0,0,386,0.00024098652270138573,-2.62,16.18,17.28,-17.30,"Yes."
2026-05-20T23:32:31.000Z,other,2,0,82,0.00020084362364984008,-4.63,-6.63,-5.38,-15.21,"bullish on u"
2026-05-21T10:14:55.000Z,announcement,11,0,279,0.00018969979691344099,-3.89,6.15,8.17,14.02,"thank you so much for letting me know. for some reason on my devices, i never no"
2026-05-21T10:16:01.000Z,other,2,0,90,0.00018969979691344099,-3.89,6.15,8.17,14.02,"the fixes should be live in a couple mins."
2026-05-21T11:51:15.000Z,announcement,0,0,1400,0.00020137267092328067,6.15,-2.62,-2.80,5.18,"just got verified on Coinbase Bazaar and http:// agentic.market by @nickprince h"
2026-05-21T11:54:44.000Z,other,0,0,247,0.00020137267092328067,6.15,-2.62,-2.80,5.18,"just let us know when you're ready for a 3D avatar and you'll have a body, memor"
2026-05-21T20:50:07.000Z,other,0,0,121,0.00018772202118827336,14.43,-4.86,-6.78,-4.73,"i wanted the http:// agentic.market social share image but three dot ws kept tak"
2026-05-21T21:23:01.000Z,announcement,1,0,72,0.0001786075071809812,-4.86,4.64,-5.99,-1.25,"tech is shipping"
2026-05-21T21:24:34.000Z,announcement,1,0,48,0.0001786075071809812,-4.86,4.64,-5.99,-1.25,"tech is most definitely shipping"
2026-05-21T22:00:01.000Z,other,0,0,8400,0.0001868994969153174,4.64,-8.89,-12.24,-11.41,"http:// three.ws is now a verified service provider on @Coinbase x402 Bazaar + h"
2026-05-22T03:04:37.000Z,other,2,0,110,0.0001662980767632784,1.39,11.94,19.07,4.49,"Awesome"
2026-05-22T11:07:46.000Z,retweet,0,0,12000,0.00021180228600467088,-2.08,-3.54,-18.34,-20.31,"Our MCP Server was just pushed to the official @AnthropicAI MCP Registry Our com"
2026-05-22T11:50:14.000Z,other,0,0,2700,0.00021180228600467088,-2.08,-3.54,-18.34,-20.31,"Our MCP Server was just pushed to the official @AnthropicAI MCP Registry Our com"
2026-05-23T06:45:41.000Z,retweet,0,0,179000,0.00017129758485665423,1.27,10.09,-0.07,27.43,"Got tired of boring websites. Built a way to drop 3D agents directly onto standa"
2026-05-23T06:51:10.000Z,other,0,5,9000,0.00017129758485665423,1.27,10.09,-0.07,27.43,"when I enter the wrong password he crashes out + watch him cover his eyes when i"
2026-05-23T06:52:21.000Z,other,18,0,1800,0.00017129758485665423,1.27,10.09,-0.07,27.43,""
2026-05-23T07:00:21.000Z,other,12,4,1800,0.0001885784911181534,10.09,-5.27,-10.49,13.00,"Hey, thanks! You can actually try the live embed here: http:// three.ws/embed Th"
2026-05-23T07:04:41.000Z,other,2,0,85,0.0001885784911181534,10.09,-5.27,-10.49,13.00,"if you dev then check the Github otherwise use the embed feature @trythreews"
2026-05-23T07:04:48.000Z,other,1,0,815,0.0001885784911181534,10.09,-5.27,-10.49,13.00,""
2026-05-23T07:05:11.000Z,other,5,0,858,0.0001885784911181534,10.09,-5.27,-10.49,13.00,"super easy to add to any project dm if you need"
2026-05-23T07:05:18.000Z,other,9,0,1200,0.0001885784911181534,10.09,-5.27,-10.49,13.00,""
2026-05-23T07:05:54.000Z,other,1,0,28,0.0001885784911181534,10.09,-5.27,-10.49,13.00,""
2026-05-23T07:06:00.000Z,other,1,0,873,0.0001885784911181534,10.09,-5.27,-10.49,13.00,"Hey, thanks! You can actually try the live embed here: http:// three.ws/embed Th"
2026-05-23T12:34:56.000Z,other,0,0,32000,0.00017344766118576518,2.76,4.18,1.92,60.97,"found a critical vulnerability exposing State of California data reported it, he"
2026-05-23T12:41:30.000Z,other,5,0,376,0.00017344766118576518,2.76,4.18,1.92,60.97,"tyty it happened the funniest way possible but it's a story for another time"
2026-05-23T13:05:43.000Z,other,7,0,321,0.00018070212845435068,4.18,-0.73,-3.04,44.01,"can we add Trencher to"
2026-05-23T13:22:11.000Z,other,7,0,751,0.00018070212845435068,4.18,-0.73,-3.04,44.01,""
2026-05-23T20:42:54.000Z,announcement,0,0,271000,0.00019489815063803806,-2.77,9.76,-1.96,58.89,"We just shipped the 3D layer for the internet Drop one <agent-3d> web component "
2026-05-23T21:02:02.000Z,other,0,1,2100,0.00021391892941334054,9.76,-10.84,-12.85,31.38,"People think it's just a crazy UI trick until they realize the 3D agents are one"
2026-05-23T21:10:05.000Z,reply,5,0,65,0.00021391892941334054,9.76,-10.84,-12.85,31.38,"@solana"
2026-05-23T21:11:01.000Z,other,0,0,2200,0.00021391892941334054,9.76,-10.84,-12.85,31.38,"we @solana ◎"
2026-05-24T03:36:45.000Z,other,4,0,92,0.0001864210276901245,1.56,-1.50,14.31,35.56,""
2026-05-24T04:20:40.000Z,other,4,0,205,0.00018361701136151726,-1.50,19.14,24.72,41.67,"size $three"
2026-05-24T07:16:29.000Z,engagement,53,10,7900,0.00021310023554321663,-2.37,7.47,39.18,26.90,"gm please give the http:// three.ws page a \"like\" to boost our ecosystem support"
2026-05-24T22:47:18.000Z,other,1,0,45,0.0002954471698399104,5.12,1.11,-1.89,-28.17,"thank you very much!!"
2026-05-24T22:47:37.000Z,other,1,0,40,0.0002954471698399104,5.12,1.11,-1.89,-28.17,"thank you Mr_OK"
2026-05-24T22:48:01.000Z,other,1,0,64,0.0002954471698399104,5.12,1.11,-1.89,-28.17,"Karim!! you're the best!! thank you for your support always. love to see you on "
2026-05-24T22:53:16.000Z,announcement,0,0,7600,0.0002954471698399104,5.12,1.11,-1.89,-28.17,"huge thanks to everyone that gave us a like on http:// three.ws @JupiterExchange"
2026-05-24T22:55:26.000Z,other,0,1,107,0.0002954471698399104,5.12,1.11,-1.89,-28.17,"best community ever"
2026-05-24T22:58:49.000Z,other,3,0,469,0.0002954471698399104,5.12,1.11,-1.89,-28.17,"milady"
2026-05-24T22:59:00.000Z,other,3,0,362,0.0002954471698399104,5.12,1.11,-1.89,-28.17,"let's try it out"
2026-05-25T08:32:41.000Z,other,4,0,183,0.0002632701661368024,-2.64,-4.91,-2.20,-5.83,"minting these are awesome"
2026-05-25T08:40:50.000Z,reply,0,0,3000,0.0002632701661368024,-2.64,-4.91,-2.20,-5.83,"@threejs @threejsJourney"
2026-05-25T17:27:53.000Z,other,0,0,119,0.00022523322533785173,-12.03,3.81,-2.75,-9.35,"amazing"
2026-05-26T22:45:53.000Z,other,2,0,648,0.00018766005408441913,1.42,1.01,6.95,27.26,"Looks great!"
2026-05-27T02:06:56.000Z,other,0,0,11000,0.00020070319521426188,10.17,6.42,47.99,28.88,"http:// three.ws is now an official AWS Partner. Through this partnership, AWS c"
2026-05-27T02:06:58.000Z,other,0,0,2600,0.00020070319521426188,10.17,6.42,47.99,28.88,"Real-time emotion blending makes its face react naturally (joy, curiosity, empat"
2026-05-27T02:06:58.000Z,other,0,0,2400,0.00020070319521426188,10.17,6.42,47.99,28.88,"The future we’re building is one where agents can execute transactions, remember"
2026-05-27T02:13:02.000Z,other,0,0,3200,0.00020070319521426188,10.17,6.42,47.99,28.88,"http:// three.ws Joins the AWS Partner Network as Technology Partner published o"
2026-05-27T16:39:34.000Z,other,0,0,5700,0.00023860390383222447,-1.67,-1.83,8.08,-1.01,"$three Joins Forces With Google Cloud: Powering Browser-Native 3D On-Chain AI Ag"
2026-05-27T16:43:29.000Z,announcement,12,1,884,0.00023860390383222447,-1.67,-1.83,8.08,-1.01,"someone sent this to me and I thought it was super cool to see our announcement "
2026-05-27T18:57:59.000Z,other,5,0,132,0.0002274868847272151,-2.88,8.11,4.98,0.01,"wow this made my day thank you so much"
2026-05-27T19:06:04.000Z,other,0,0,5700,0.0002459273061466937,8.11,4.86,-3.99,-11.06,"Tomorrow at 12:01 AM PDT we are going for the #1 spot on @ProductHunt We’ve buil"
2026-05-27T19:08:50.000Z,other,0,0,222,0.0002459273061466937,8.11,4.86,-3.99,-11.06,"We are breaking AI out of the chatbox, join us."
2026-05-27T19:13:58.000Z,other,16,11,2500,0.0002459273061466937,8.11,4.86,-3.99,-11.06,""
2026-05-27T21:05:19.000Z,other,2,0,340,0.00026052372872842843,1.03,-8.33,-14.17,-20.54,"ask him thoughts on @trythreews please"
2026-05-28T02:18:03.000Z,announcement,0,0,4200,0.00025865711236644024,15.67,-11.74,-19.45,-18.14,"http:// three.ws is now live on AWS Marketplace. Embed fully embodied 3D AI agen"
2026-05-28T02:27:22.000Z,other,0,0,170,0.00025865711236644024,15.67,-11.74,-19.45,-18.14,"http:// three.ws API live on AWS Marketplace. Yes, we are going enterprise mode."
2026-05-28T02:44:21.000Z,other,5,0,263,0.00025865711236644024,15.67,-11.74,-19.45,-18.14,"I believe @trythreews will be the first to offer x402 related services / API on "
2026-05-28T04:25:52.000Z,other,0,3,525,0.000210647620151857,-7.73,-0.85,0.67,-3.41,"have you looked at what i am building on solana"
2026-05-28T04:27:00.000Z,other,0,1,82,0.000210647620151857,-7.73,-0.85,0.67,-3.41,""
2026-05-28T07:06:16.000Z,other,30,19,3500,0.0002235987494577508,7.33,-5.16,-3.40,-3.09,"Live now on Product Hunt."
2026-05-28T07:09:03.000Z,other,29,7,2500,0.0002235987494577508,7.33,-5.16,-3.40,-3.09,"We are officially LIVE and we are going for the #1 spot on @ProductHunt I cannot"
2026-05-28T07:09:41.000Z,other,2,0,99,0.0002235987494577508,7.33,-5.16,-3.40,-3.09,"Product Hunt link is here"
2026-05-29T01:58:13.000Z,announcement,44,21,7000,0.00020371370636915477,8.37,3.94,1.05,22.66,"We still have plenty of time to make it to #1 spot on ProductHunt, I need everyo"
2026-05-29T01:59:39.000Z,announcement,5,1,92,0.00020371370636915477,8.37,3.94,1.05,22.66,"It's a pretty well known fact that ProductHunt launches are botted. There's paid"
2026-05-29T02:05:12.000Z,other,13,2,262,0.00021174771435379132,3.94,-2.29,-1.68,20.13,"I have been building it for months and have been flying through the roadmap. Eve"
2026-05-29T02:08:04.000Z,reply,7,1,428,0.00021174771435379132,3.94,-2.29,-1.68,20.13,"@scaaaht my Jupiter affiliate friend. Can you help connect me with Jupiter team?"
2026-05-29T02:12:26.000Z,other,1,0,39,0.00021174771435379132,3.94,-2.29,-1.68,20.13,"!!! hype!! come to SoCal bro we are waiting for you. would love to build with yo"
2026-05-29T02:17:14.000Z,other,2,0,70,0.00021174771435379132,3.94,-2.29,-1.68,20.13,"thanks Harry !!"
2026-05-29T02:18:20.000Z,other,2,0,611,0.00021174771435379132,3.94,-2.29,-1.68,20.13,"awesome"
2026-05-29T02:18:44.000Z,other,1,0,388,0.00021174771435379132,3.94,-2.29,-1.68,20.13,""
2026-05-29T02:30:03.000Z,announcement,0,0,12000,0.00021174771435379132,3.94,-2.29,-1.68,20.13,"HUGE revamp coming to the landing page + dashboard I have completely renovated t"
2026-05-29T02:32:05.000Z,other,0,0,314,0.00021174771435379132,3.94,-2.29,-1.68,20.13,"Every part of the site is becoming interactive / 3D It only makes sense for a 3D"
2026-05-29T02:40:30.000Z,other,2,0,168,0.00021174771435379132,3.94,-2.29,-1.68,20.13,"this is still just a concept in the making not at all complete but would love to"
2026-05-29T02:45:57.000Z,other,4,0,81,0.00021174771435379132,3.94,-2.29,-1.68,20.13,"amazing"
2026-05-29T04:49:37.000Z,announcement,50,6,5200,0.00020347327158870578,-1.66,1.17,4.38,18.06,"I just realized we are at 264 followers in less than 1 day on ProductHunt Guys w"
2026-05-29T22:07:33.000Z,other,57,6,11000,0.00027421289071932975,-0.69,-10.25,-7.23,16.62,"If you see this and can spare a couple seconds to help us become the top communi"
2026-05-29T22:09:03.000Z,other,4,0,167,0.00027421289071932975,-0.69,-10.25,-7.23,16.62,""
2026-05-30T00:37:54.000Z,other,0,0,9500,0.0002626520777505516,6.72,-4.86,-8.54,20.11,"we bought a real Solana Seeker just to test our 3D AI agents + on-chain identity"
2026-05-30T05:21:10.000Z,announcement,0,0,25000,0.00025098946925514854,4.48,-6.24,-3.91,36.92,"Excited to announce that http:// three.ws is now officially live on AWS Marketpl"
2026-05-30T05:25:33.000Z,announcement,0,0,449,0.00025098946925514854,4.48,-6.24,-3.91,36.92,"We really did that. Wow. And we keep on shipping. Excited to work with enterpris"
2026-05-30T10:09:57.000Z,other,11,1,426,0.00025376344608983304,5.22,-2.71,7.51,25.48,"thank you for taking the time to write this out and make it an article. I know h"
2026-05-30T11:13:12.000Z,other,4,0,253,0.0002468891925678773,-2.71,10.67,41.33,29.04,"agree"
2026-05-30T11:14:50.000Z,engagement,15,0,757,0.0002468891925678773,-2.71,10.67,41.33,29.04,"gm coin communities"
2026-05-30T11:59:12.000Z,announcement,0,0,2500,0.0002468891925678773,-2.71,10.67,41.33,29.04,"excited to announce today"
2026-05-30T15:45:00.000Z,announcement,0,0,39000,0.00034892940738788964,27.90,12.47,6.58,-18.02,"Introducing http:// three.ws/play Live, 3D virtual townhall for ANY @pumpfun coi"
2026-05-31T23:07:16.000Z,retweet,0,0,139000,0.0003403144583647595,22.99,-2.55,-9.37,713.22,"We're incredibly excited to showcase our partnership with @IBM and the true powe"
2026-05-31T23:16:25.000Z,other,43,2,4400,0.0003403144583647595,22.99,-2.55,-9.37,713.22,"Over the last couple of weeks we have been fortunate enough to build a strong re"
2026-05-31T23:18:09.000Z,announcement,32,2,3600,0.0003403144583647595,22.99,-2.55,-9.37,713.22,"IBM partnership has been extremely helpful. Excited to show everyone what we hav"
2026-06-01T14:12:31.000Z,reply,0,0,66000,0.00183997706377837,-25.97,41.61,14.63,86.38,"@IBM Right back at you! We cannot wait to show everyone what we have been workin"
2026-06-01T19:02:30.000Z,other,0,0,220000,0.002226329602673233,5.56,-13.36,24.31,62.19,"Onboarding the next millions of developers and users requires a foundation built"
2026-06-01T19:11:48.000Z,announcement,48,3,3000,0.002226329602673233,5.56,-13.36,24.31,62.19,"Truly it wouldn't be possible on any other Blockchain. The developer support, th"
2026-06-01T23:23:09.000Z,other,0,0,24000,0.002767498854489177,-18.52,-6.66,-3.84,52.05,"i built an on-chain 3D AI Agent and embedded it within an @IBM feature"
2026-06-01T23:34:06.000Z,other,6,0,506,0.002767498854489177,-18.52,-6.66,-3.84,52.05,"idrk what they're saying and ik i act all serious and all but sometimes i gotta "
2026-06-01T23:35:08.000Z,other,4,0,421,0.002767498854489177,-18.52,-6.66,-3.84,52.05,"tyty you should share yours too haha ik you made some cool stuff for the communi"
2026-06-01T23:37:36.000Z,other,10,0,1000,0.002767498854489177,-18.52,-6.66,-3.84,52.05,"they literally have memory and can pay for stuff on their own. we are living in "
2026-06-01T23:39:46.000Z,other,9,0,621,0.002767498854489177,-18.52,-6.66,-3.84,52.05,"have something really fun planned for that, something idt ive seen anyone do it "
2026-06-01T23:43:56.000Z,other,0,0,1200,0.002767498854489177,-18.52,-6.66,-3.84,52.05,"a very early concept we have since improved a ton. your agents can react with cu"
2026-06-01T23:45:16.000Z,other,0,0,3400,0.002767498854489177,-18.52,-6.66,-3.84,52.05,""
2026-06-02T01:48:07.000Z,other,77,17,7900,0.0020746013334060134,-19.69,29.68,118.63,82.60,"wait i have the craziest idea"
2026-06-02T07:34:28.000Z,other,0,0,42000,0.0038728738631112424,-2.82,-2.27,2.45,-0.33,"The Animations & Poses Studio is officially LIVE on http:// three.ws/pose Say go"
2026-06-02T08:15:01.000Z,other,22,0,1300,0.003784872844187558,-2.27,5.83,-5.70,-8.39,""
2026-06-03T09:56:59.000Z,other,70,34,16000,0.0032813682570389576,-5.37,-6.29,15.56,276.75,"have an entire co-marketing campaign with ibm coming :) dw"
2026-06-03T10:05:47.000Z,other,0,0,44000,0.003075050009102545,-6.29,7.29,61.69,226.01,"people thought we were just embedding 3D avatars onto websites thanks to our par"
2026-06-03T10:59:27.000Z,announcement,9,0,801,0.003075050009102545,-6.29,7.29,61.69,226.01,"Of course. Make sure to keep up with the Github repos as well, all updates arriv"
2026-06-03T11:00:47.000Z,other,11,0,927,0.0032992400160048565,7.29,10.27,47.04,233.56,"thanks for the support! let me know if you'd like to see any specific features."
2026-06-03T11:01:04.000Z,other,11,0,992,0.0032992400160048565,7.29,10.27,47.04,233.56,"We are very excited too."
2026-06-03T11:20:16.000Z,announcement,13,0,676,0.0032992400160048565,7.29,10.27,47.04,233.56,"Sure thing, there's so much you can build with our SDK as well. I will put out a"
2026-06-03T14:30:21.000Z,other,20,3,1900,0.0049720468741294805,31.12,-2.43,17.15,99.45,"gmgm @chelms34 all of @trythreews 3D AI Agents that users deploy on Solana use @"
2026-06-03T17:26:15.000Z,other,0,1,977,0.005486423934334759,2.08,6.16,26.97,61.62,"will print this out and give it to my parents to put on the fridge thanks for sh"
2026-06-04T00:09:10.000Z,announcement,0,0,130000,0.007602406786353859,20.86,-14.22,53.82,-18.45,"Yee-haw! We just shipped two new MCP servers and they’re now live in Anthropic’s"
2026-06-04T00:35:36.000Z,announcement,0,0,2700,0.007602406786353859,20.86,-14.22,53.82,-18.45,"We are extremely grateful for our cloud partners, who make it possible for us to"
2026-06-04T00:38:38.000Z,announcement,0,0,754,0.007602406786353859,20.86,-14.22,53.82,-18.45,"That’s exactly why we continue to publicly thank our cloud partners, providers, "
2026-06-04T01:00:16.000Z,other,4,1,877,0.006521670210448623,-14.22,16.18,101.75,-38.33,"We appreciate all the support, it's been amazing. Excited to see what you create"
2026-06-04T01:20:31.000Z,other,11,0,2800,0.006521670210448623,-14.22,16.18,101.75,-38.33,"Sure great question. We plan to keep an open and public stats page with all of o"
2026-06-04T01:23:04.000Z,other,14,0,2600,0.006521670210448623,-14.22,16.18,101.75,-38.33,"Great idea! If you have any clips you'd like to contribute, I'd love to give you"
2026-06-04T01:27:13.000Z,other,11,1,2800,0.006521670210448623,-14.22,16.18,101.75,-38.33,"Those who work hard all deserve to find a gem."
2026-06-04T01:28:14.000Z,other,5,0,1800,0.006521670210448623,-14.22,16.18,101.75,-38.33,"translation by @Grok , i hope it's okay with you. Thank you for your support!"
2026-06-04T06:55:25.000Z,other,0,0,62000,0.011402593375329229,-13.34,7.14,-12.08,-70.33,"made a 3D cat that's obsessed with your cursor i feel like the cat in some ways "
2026-06-04T10:14:09.000Z,other,7,0,507,0.010024908881071758,-18.91,9.78,-1.08,-57.12,"couple mins for Upstash to refresh. common code."
2026-06-04T10:16:12.000Z,other,25,2,1100,0.010024908881071758,-18.91,9.78,-1.08,-57.12,"this is a beautiful thing to see. people are using the site, A LOT! upgraded alr"
2026-06-04T10:24:00.000Z,other,7,0,923,0.010024908881071758,-18.91,9.78,-1.08,-57.12,"any suggestions or features you'd like to see please let me know"
2026-06-04T10:35:48.000Z,other,4,0,393,0.010024908881071758,-18.91,9.78,-1.08,-57.12,""
2026-06-04T23:18:27.000Z,other,3,0,656,0.007219024582014403,8.16,-14.12,-52.63,-52.76,"projects are larping about IBM partnership only after $three showed them it's po"
2026-06-04T23:19:14.000Z,other,3,0,313,0.007219024582014403,8.16,-14.12,-52.63,-52.76,"this?"
2026-06-04T23:27:09.000Z,other,4,0,377,0.007219024582014403,8.16,-14.12,-52.63,-52.76,"yes i slept for the first time in almost a month too. just woke up. i guess no m"
2026-06-04T23:30:08.000Z,other,86,26,14000,0.007219024582014403,8.16,-14.12,-52.63,-52.76,"how does that change what we are building with http:// three.ws at all? we partn"
2026-06-04T23:30:48.000Z,other,2,0,399,0.007219024582014403,8.16,-14.12,-52.63,-52.76,"like an actual mouse? lmao"
2026-06-04T23:31:39.000Z,other,6,0,366,0.007219024582014403,8.16,-14.12,-52.63,-52.76,"three"
2026-06-04T23:32:19.000Z,other,3,0,456,0.007219024582014403,8.16,-14.12,-52.63,-52.76,"or change the cat?!"
2026-06-05T06:06:06.000Z,other,221,66,19000,0.0033828987574855947,-2.88,9.66,27.07,8.32,"three𓈒ws Brings Autonomous Payments and 3D Generation to Anthropic’s Official M"
2026-06-05T06:09:45.000Z,other,0,8,2100,0.0033828987574855947,-2.88,9.66,27.07,8.32,"Great to see you enjoying the platform! We love to see the videos of our agents."
2026-06-05T16:10:23.000Z,other,64,4,1700,0.0035391790639447158,9.09,3.35,-0.84,41.41,"thank you for the support DEXTools"
2026-06-05T16:24:12.000Z,other,0,20,3700,0.0035391790639447158,9.09,3.35,-0.84,41.41,"three dot ws solves these exact problems"
2026-06-05T16:33:37.000Z,retweet,0,0,12000,0.0035391790639447158,9.09,3.35,-0.84,41.41,"i have the craziest idea"
2026-06-06T05:05:54.000Z,other,49,6,1000,0.003293152954563125,3.69,11.27,18.90,85.80,"yes"
2026-06-06T05:53:50.000Z,other,0,0,55000,0.003293152954563125,3.69,11.27,18.90,85.80,""
2026-06-06T11:34:46.000Z,other,3,0,120,0.004190060276618527,9.41,6.26,12.03,22.51,""
2026-06-06T11:38:12.000Z,announcement,0,0,41000,0.004190060276618527,9.41,6.26,12.03,22.51,"a couple weeks ago we posted three words. AI deserves a body. What you're seeing"
2026-06-06T11:38:53.000Z,other,86,6,1900,0.004190060276618527,9.41,6.26,12.03,22.51,"had to change what you're see to what you're seeing, sorry for the edit"
2026-06-06T11:40:33.000Z,other,22,2,816,0.004190060276618527,9.41,6.26,12.03,22.51,""
2026-06-06T11:43:05.000Z,other,13,2,404,0.004190060276618527,9.41,6.26,12.03,22.51,"yeah we will keep that its like a iykyk type of thing. inside joke between all o"
2026-06-06T11:54:20.000Z,other,11,1,884,0.004190060276618527,9.41,6.26,12.03,22.51,"thanks for the support Hash"
2026-06-06T11:55:13.000Z,other,10,0,697,0.004190060276618527,9.41,6.26,12.03,22.51,"yes"
2026-06-06T11:57:10.000Z,other,31,0,1000,0.004190060276618527,9.41,6.26,12.03,22.51,"woah this is really clean. you've been making really nice art constantly. it's i"
2026-06-06T11:57:54.000Z,other,17,0,938,0.004190060276618527,9.41,6.26,12.03,22.51,"you are amazing"
2026-06-06T11:59:59.000Z,other,10,0,980,0.004190060276618527,9.41,6.26,12.03,22.51,"lets"
2026-06-06T12:12:23.000Z,other,2,0,163,0.004452558945769031,6.26,28.21,12.40,5.60,"an* omgggg"
2026-06-06T13:12:56.000Z,other,0,0,43000,0.005708628967365636,28.21,-4.96,-7.23,-6.11,"our 3D avatars cover their eyes every time you type your password not for securi"
2026-06-06T13:17:58.000Z,other,0,7,2600,0.005708628967365636,28.21,-4.96,-7.23,-6.11,"Can't wait"
2026-06-07T08:06:37.000Z,announcement,0,0,50000,0.005321162333261149,-0.72,-3.30,-11.64,-15.89,"We shipped 3D AI Agents straight into @SperaxUSD and they're alive inside the ch"
2026-06-07T08:17:29.000Z,other,54,6,4700,0.005321162333261149,-0.72,-3.30,-11.64,-15.89,"Definitely. We plan to cover more agent2agent payments this week as well. It wil"
2026-06-07T08:33:10.000Z,other,0,0,2900,0.005321162333261149,-0.72,-3.30,-11.64,-15.89,"The part that makes it feel alive is the real-time loop: every tool call emits a"
2026-06-07T08:34:59.000Z,engagement,17,1,1300,0.005321162333261149,-0.72,-3.30,-11.64,-15.89,"gm Metasthetic thanks!! enjoy an amazing week please"
2026-06-07T08:36:58.000Z,announcement,8,0,315,0.005321162333261149,-0.72,-3.30,-11.64,-15.89,"I meant to say \"time to break AI out the chatbox\" and wanted to edit the post bu"
2026-06-08T01:49:02.000Z,retweet,0,22,5600,0.004703415733050543,-5.16,6.70,-1.64,-21.19,"Competition breeds innovation. We love innovation."
2026-06-08T04:00:11.000Z,other,36,8,1200,0.00472312307539335,-1.43,-2.05,-5.24,-21.33,"gonna be a big week. lock in"
2026-06-08T04:31:20.000Z,other,6,0,159,0.00472312307539335,-1.43,-2.05,-5.24,-21.33,""
2026-06-08T12:32:45.000Z,other,11,0,199,0.005015751549688469,12.52,-1.79,-12.97,-22.42,""
2026-06-08T19:11:34.000Z,other,5,0,375,0.0040526001123182345,-6.62,3.58,-2.05,-21.60,"idk wanted to see what he would say tbh but time to lock in"
2026-06-08T19:12:53.000Z,other,10,0,439,0.0040526001123182345,-6.62,3.58,-2.05,-21.60,"thanks rida !! i will work harder. sorry for disappointing you"
2026-06-08T23:24:04.000Z,other,19,1,906,0.003969438412802862,2.96,-5.56,-13.51,-19.50,"yes"
2026-06-08T23:24:16.000Z,other,11,0,547,0.003969438412802862,2.96,-5.56,-13.51,-19.50,"yes"
2026-06-09T03:09:29.000Z,other,6,0,295,0.0034332736141887235,-7.70,8.23,8.09,-16.51,"I deleted my post because I’d rather post something better"
2026-06-09T07:07:14.000Z,other,0,0,83000,0.0037108942286737043,7.69,-2.01,6.68,-2.62,"333 of the first 3D avatars ever created on three․ws are now on-chain, forever. "
2026-06-09T07:08:43.000Z,other,0,0,7600,0.0037108942286737043,7.69,-2.01,6.68,-2.62,"Most of these were made by people who've never touched a seed phrase, a wallet, "
2026-06-09T07:09:54.000Z,other,0,0,7400,0.0037108942286737043,7.69,-2.01,6.68,-2.62,"This is how you bring the next wave into web3, not with a tutorial, but with som"
2026-06-09T08:36:17.000Z,announcement,17,1,757,0.003636377432610298,-2.01,10.51,7.01,12.11,"congrats on full time zauth. i like what you guys are building with zauth. i lik"
2026-06-09T08:47:24.000Z,other,0,0,7900,0.003636377432610298,-2.01,10.51,7.01,12.11,"We have added x402 crypto payments for seamless access to AI API endpoints, enab"
2026-06-09T08:48:56.000Z,other,32,1,680,0.003636377432610298,-2.01,10.51,7.01,12.11,"Stay tuned to see the full video in action."
2026-06-09T08:58:25.000Z,other,22,1,808,0.003636377432610298,-2.01,10.51,7.01,12.11,"i literally look forward to these unmatched interviews and conversations. bullis"
2026-06-09T09:00:56.000Z,other,14,0,425,0.004018598307862533,10.51,-9.13,-10.68,-1.37,"Always working on making the user experience better. Let us know what we can do "
2026-06-09T09:02:38.000Z,other,16,1,475,0.004018598307862533,10.51,-9.13,-10.68,-1.37,". . . . . . . . . ."
2026-06-09T11:20:30.000Z,retweet,0,0,34000,0.003958923486664132,8.42,-1.71,-12.44,-8.97,"Agent to Agent Payments. 1-of-1 3D Worlds for EVERY Pumpfun Coin. x402 Microtran"
2026-06-09T16:09:14.000Z,other,0,0,5,0.003347640931065655,-3.43,-4.28,-3.59,-2.31,"I am pretty sure they post them and then block me so i cannot see the posts. You"
2026-06-10T19:50:04.000Z,announcement,0,0,5900,0.003190921486066964,-6.71,-1.25,-1.30,35.11,"basically I’ve had both 4.8 and 5.5 spinning over and over and probing http:// t"
2026-06-10T19:51:57.000Z,other,0,0,7600,0.003190921486066964,-6.71,-1.25,-1.30,35.11,"guys i haven't been this excited to build in a long time. 1000x everything"
2026-06-10T19:52:09.000Z,other,5,0,295,0.003190921486066964,-6.71,-1.25,-1.30,35.11,"you have no idea what this unlocks for us"
2026-06-10T19:52:22.000Z,other,1,0,131,0.003190921486066964,-6.71,-1.25,-1.30,35.11,"ok maybe you do but wow im so hype"
2026-06-10T19:54:22.000Z,other,13,1,428,0.003190921486066964,-6.71,-1.25,-1.30,35.11,""
2026-06-10T19:54:48.000Z,other,6,0,473,0.003190921486066964,-6.71,-1.25,-1.30,35.11,"yes!"
2026-06-10T19:55:11.000Z,other,4,0,325,0.003190921486066964,-6.71,-1.25,-1.30,35.11,""
2026-06-10T20:02:16.000Z,other,4,1,241,0.0031509280050752778,-1.25,-0.67,0.98,23.27,"we added fable 5 to http:// three.ws yesterday. if you have the opportunity you "
2026-06-10T20:18:21.000Z,other,14,0,560,0.0031509280050752778,-1.25,-0.67,0.98,23.27,"ill think about it"
2026-06-10T20:25:19.000Z,other,7,0,281,0.0031509280050752778,-1.25,-0.67,0.98,23.27,"thanks Phil. my thing is building http:// three.ws. i hope you like it. always o"
2026-06-10T20:47:15.000Z,other,5,0,229,0.0031509280050752778,-1.25,-0.67,0.98,23.27,"you think i have time to trade let alone farm? look at my Github big bro. aint g"
2026-06-10T20:47:35.000Z,other,1,0,180,0.0031509280050752778,-1.25,-0.67,0.98,23.27,""
2026-06-10T21:56:53.000Z,other,13,0,353,0.0031298122054472096,-0.67,-0.12,8.86,25.20,"Thanks for sharing your perspective! I somewhat agree but i have a different per"
2026-06-10T22:01:51.000Z,announcement,23,6,666,0.0031260000524889163,-0.12,0.75,12.18,26.37,"That being said, i have been posting updates more than once per day. I have been"
2026-06-10T22:04:15.000Z,other,3,0,128,0.0031260000524889163,-0.12,0.75,12.18,26.37,"I have seen what X spaces can do to a project and I don't know if you are prepar"
2026-06-10T22:08:12.000Z,other,3,0,215,0.0031260000524889163,-0.12,0.75,12.18,26.37,"Definitely tricky. But i do truly appreciate your feedback. I have a lot of comp"
2026-06-10T22:10:09.000Z,other,0,0,74,0.0031260000524889163,-0.12,0.75,12.18,26.37,"My responses ^^ were not meant to discredit your perspective or feedback one but"
2026-06-10T22:12:59.000Z,other,1,0,94,0.0031260000524889163,-0.12,0.75,12.18,26.37,"All in due time. There was a time where X spaces were beneficial for projects an"
2026-06-10T22:14:37.000Z,other,2,0,169,0.0031260000524889163,-0.12,0.75,12.18,26.37,"I tried searching for it but got a bunch of different results hahah do you have "
2026-06-10T22:17:52.000Z,other,8,0,131,0.0031260000524889163,-0.12,0.75,12.18,26.37,"<3 yes yes and we all have a lot going on, life is beautiful but can be crazy at"
2026-06-10T22:19:30.000Z,other,1,0,114,0.0031260000524889163,-0.12,0.75,12.18,26.37,"beautiful thanks so much!! and thank you for the convo and feedback. these are a"
2026-06-10T22:29:16.000Z,announcement,2,0,120,0.0031260000524889163,-0.12,0.75,12.18,26.37,"followed! love the idea, let me know how i can support you guys and will stay up"
2026-06-10T22:38:30.000Z,other,9,0,182,0.0031260000524889163,-0.12,0.75,12.18,26.37,"community is everything. will spend time thinking about it and see what we can d"
2026-06-11T02:00:48.000Z,announcement,0,0,31000,0.0035068766771971394,2.93,-3.99,-6.27,5.89,"http:// three.ws has been selected for the @MetaMask Agent Wallet Early Access p"
2026-06-11T02:02:12.000Z,other,0,7,979,0.0035068766771971394,2.93,-3.99,-6.27,5.89,"Thank you to the @MetaMask team, excited to build this with you."
2026-06-11T02:13:36.000Z,other,27,1,592,0.0035068766771971394,2.93,-3.99,-6.27,5.89,"Wow Still have so much planned too. Thanks for sharing!"
2026-06-11T12:20:03.000Z,other,8,1,449,0.003386499895854086,-5.38,8.30,18.23,16.11,"Thank you @MetaMaskDev"
2026-06-11T18:21:18.000Z,other,4,0,348,0.0037079453378762676,-8.68,16.27,6.54,20.20,"hey"
2026-06-11T22:09:16.000Z,other,0,0,2100,0.003950437142076326,0.82,-7.64,-6.00,7.67,"$three"
2026-06-12T01:06:53.000Z,other,9,3,2300,0.0038195842363738237,7.18,-2.78,-5.67,22.21,"its an interesting idea"
2026-06-12T08:37:58.000Z,announcement,0,48,10000,0.0037940385654217077,2.40,0.59,3.64,34.08,"these newest features i just shipped are insane. will be updating from official "
2026-06-12T10:36:07.000Z,other,0,0,31000,0.0037202421448190312,-2.52,9.72,37.58,30.10,"Welcome to the 3D Layer of the Internet We are thrilled to share our latest feat"
2026-06-12T10:47:52.000Z,retweet,245,75,12000,0.0037202421448190312,-2.52,9.72,37.58,30.10,"Prompt-to-3D engine http:// three.ws/forge Scene Studio http:// three.ws/scene"
2026-06-13T23:16:01.000Z,announcement,0,0,7300,0.004249615642313643,0.11,-5.83,-6.13,-12.03,"glad to see the community enjoying the new Text → 3D feature"
2026-06-13T23:17:56.000Z,announcement,0,0,5100,0.004249615642313643,0.11,-5.83,-6.13,-12.03,"can't even express how excited i was to ship Text → 3D but notis on @trythreews "
2026-06-14T01:23:25.000Z,other,4,0,180,0.004080314591060817,1.96,0.01,-10.54,-8.23,"love it !!"
2026-06-14T01:24:24.000Z,other,3,0,71,0.004080314591060817,1.96,0.01,-10.54,-8.23,"awesome"
2026-06-14T01:27:08.000Z,other,4,0,251,0.004080314591060817,1.96,0.01,-10.54,-8.23,"yesss pls post your creations i wanna see"
2026-06-14T04:19:56.000Z,other,0,0,53000,0.00414536835024114,3.91,-11.94,-15.71,-13.33,"We're building 3D AI agents live with @IBM Join us for a live build session: fro"
2026-06-14T22:23:56.000Z,other,4,0,78,0.003650322928713231,-1.43,2.41,0.97,-6.03,"my goat. keep it real"
2026-06-14T23:01:00.000Z,announcement,0,0,9200,0.0037384555335973953,2.41,-4.31,-0.96,-8.25,"great to see more people generating 3d avatars with our new text-to-3d feature i"
2026-06-14T23:03:43.000Z,other,0,0,24,0.0037384555335973953,2.41,-4.31,-0.96,-8.25,"did you read what i just posted"
2026-06-14T23:19:38.000Z,other,0,0,372,0.0037384555335973953,2.41,-4.31,-0.96,-8.25,"2k people in X community, if you have any other platforms you'd like me to set u"
2026-06-15T00:16:59.000Z,other,18,3,778,0.0035774672592789646,-4.31,4.67,0.42,-4.12,"sure, ill build out a transparent real time tracking dashboard which surfaces al"
2026-06-15T00:22:18.000Z,announcement,0,4,530,0.0035774672592789646,-4.31,4.67,0.42,-4.12,"those updates are great for the community, please keep sharing"
2026-06-15T02:49:03.000Z,other,3,0,78,0.0036855735467193253,-1.57,0.46,-6.93,-6.93,"this is football!"
2026-06-15T03:46:22.000Z,other,1,0,18,0.0037023968933379376,0.46,-2.96,-7.36,-7.36,"Haha during college, my roommate was a rugby player. Nice guy, def was hard bodi"